<project name="sample-ant-bundle-deployment"
         default="main"
         xmlns:rhq="antlib:org.rhq.bundle">

    <rhq:bundle name="sample-bundle"
                version="2.0"
                description="An upgraded deployment using Ant bundle">

        <rhq:input-property
           name="sample.name"
           description="The name configuration setting"
           required="true"
           type="string"/>

        <rhq:input-property
           name="sample.port"
           description="The port integer configuration setting"
           required="true"
           type="integer"/>

        <rhq:input-property
           name="sample.new"
           description="A new configuration needed by our upgraded product"
           required="true"
           type="string"/>

        <rhq:deployment-unit name="test-product" compliance="full">
            <rhq:archive name="product.zip">
                <rhq:replace>
                    <rhq:fileset includes="config/settings.xml"/>
                </rhq:replace>
            </rhq:archive>
        </rhq:deployment-unit>

    </rhq:bundle>

    <target name="main">
        <echo>Deploying upgraded v2.0 product to ${rhq.deploy.dir}...</echo>
    </target>
</project>

