<project name="sample-ant-bundle-deployment"
         default="main"
         xmlns:rhq="antlib:org.rhq.bundle">

    <rhq:bundle name="sample-bundle"
                version="1.0"
                description="V1.0 of Sample Bundle">

        <rhq:input-property
           name="sample.name"
           description="A name configuration setting"
           required="true"
           type="string"/>

        <rhq:input-property
           name="sample.port"
           description="A port integer configuration setting"
           required="true"
           type="integer"/>

        <rhq:deployment-unit name="sample-product">
            <rhq:archive name="product.zip">
                <rhq:replace>
                    <rhq:fileset includes="config/settings.xml"/>
                </rhq:replace>
            </rhq:archive>
        </rhq:deployment-unit>

    </rhq:bundle>

    <target name="main">
    </target>
</project>
